表章項目コード,表章項目,男女コード,男女,地域コード,地域,時間軸（年次）コード,時間軸（年次）,単位,値
020,人口,0,総数,00000,全国,2020000000,2020年,人,126100000
020,人口,1,男,00000,全国,2020000000,2020年,人,61300000
020,人口,2,女,00000,全国,2020000000,2020年,人,64800000
020,人口,0,総数,13000,東京都,2020000000,2020年,人,14000000
020,人口,1,男,13000,東京都,2020000000,2020年,人,6900000
020,人口,2,女,13000,東京都,2020000000,2020年,人,7100000
020,人口,0,総数,27000,大阪府,2020000000,2020年,人,8800000
020,人口,1,男,27000,大阪府,2020000000,2020年,人,4200000
020,人口,2,女,27000,大阪府,2020000000,2020年,人,4600000
